target,prediction
-0.880265, -0.870951
-0.8709505796432495,-0.8802646994590759
-0.024166, -0.044724
-0.04472386837005615,-0.024166077375411987
-1.554280, -1.407291
-1.407291293144226,-1.5542799234390259
-0.243187, -0.201120
-0.20111975073814392,-0.24318692088127136
1.435451, 1.431881
1.4318807125091553,1.435450553894043
0.127212, 0.132119
0.13211926817893982,0.1272115260362625
-0.367884, -0.338358
-0.33835792541503906,-0.36788424849510193
-2.273338, -2.301721
-2.3017210960388184,-2.2733378410339355
0.480770, 0.463485
0.46348509192466736,0.48077014088630676
1.430130, 1.421145
1.4211452007293701,1.4301303625106812
-1.034981, -1.053374
-1.0533735752105713,-1.0349810123443604
-0.301734, -0.250428
-0.2504279315471649,-0.30173367261886597
1.044869, 1.030810
1.0308095216751099,1.0448691844940186
0.598765, 0.595198
0.5951975584030151,0.5987648963928223
1.388632, 1.365706
1.3657063245773315,1.3886322975158691
0.407279, 0.431333
0.4313332736492157,0.40727877616882324
-0.977880, -0.991090
-0.9910903573036194,-0.9778804183006287
-0.924265, -0.943332
-0.9433320164680481,-0.924264669418335
-0.188379, -0.188640
-0.18863987922668457,-0.18837900459766388
0.355069, 0.345716
0.3457155227661133,0.35506871342658997
-0.597453, -0.633216
-0.6332156658172607,-0.597452700138092
-0.202107, -0.205272
-0.20527216792106628,-0.202106773853302
0.738702, 0.763029
0.7630292773246765,0.7387024760246277
-1.816567, -1.824905
-1.8249053955078125,-1.816567063331604
-0.388987, -0.444740
-0.4447396695613861,-0.388986736536026
-0.547777, -0.549462
-0.5494622588157654,-0.5477766990661621
-2.317957, -2.307694
-2.30769419670105,-2.3179571628570557
0.509375, 0.509865
0.5098647475242615,0.5093754529953003
0.446717, 0.436958
0.43695762753486633,0.4467174708843231
0.215628, 0.224885
0.22488543391227722,0.21562805771827698
1.140808, 1.144900
1.144899606704712,1.1408075094223022
-0.982578, -1.041439
-1.0414385795593262,-0.9825782179832458
0.396609, 0.243928
0.24392789602279663,0.3966091573238373
-0.985828, -1.019073
-1.0190725326538086,-0.9858275055885315
-0.768488, -0.936355
-0.93635493516922,-0.7684882283210754
0.872315, 0.862452
0.86245197057724,0.8723147511482239
-0.258636, -0.187964
-0.18796351552009583,-0.2586364150047302
0.475404, 0.476071
0.47607067227363586,0.4754035770893097
1.279672, 1.285493
1.2854925394058228,1.2796721458435059
1.008292, 1.001206
1.0012059211730957,1.0082924365997314
0.328719, -0.025810
-0.02580956369638443,0.32871922850608826
-0.238382, -0.222958
-0.222957581281662,-0.23838241398334503
-1.262898, -1.185667
-1.1856672763824463,-1.2628979682922363
-0.854002, -0.843559
-0.8435593247413635,-0.8540024757385254
-0.913424, -0.881466
-0.8814664483070374,-0.9134243130683899
-1.391640, -1.405181
-1.405180811882019,-1.391640067100525
-0.731182, -0.718713
-0.7187127470970154,-0.7311821579933167
-1.095891, -1.058038
-1.0580379962921143,-1.095890760421753
1.462391, 1.473246
1.4732459783554077,1.4623905420303345
0.102558, 0.099618
0.09961845725774765,0.10255804657936096
-1.639416, -1.625729
-1.6257294416427612,-1.6394156217575073
0.383685, 0.409727
0.40972718596458435,0.38368532061576843
-0.347340, -0.348734
-0.34873437881469727,-0.3473404049873352
-1.515941, -1.514828
-1.514827847480774,-1.51594078540802
1.054714, 1.057327
1.0573266744613647,1.0547138452529907
-0.404549, -0.405178
-0.40517839789390564,-0.4045493006706238
-0.218498, -0.200366
-0.20036613941192627,-0.21849820017814636
-0.482194, -0.482769
-0.4827689230442047,-0.4821939170360565
0.792895, 0.795363
0.7953631281852722,0.7928951382637024
0.219968, 0.216335
0.21633493900299072,0.21996772289276123
0.325993, 0.327042
0.3270418643951416,0.3259933888912201
-1.741860, -1.735630
-1.7356295585632324,-1.741860270500183
-0.509257, -0.523954
-0.5239536166191101,-0.5092572569847107
0.510505, 0.514788
0.5147875547409058,0.5105047821998596
0.207695, 0.202757
0.20275714993476868,0.20769484341144562
0.043480, 0.040165
0.04016522318124771,0.04347953945398331
-0.342985, -0.507631
-0.5076306462287903,-0.3429848849773407
0.363512, 0.350815
0.3508148789405823,0.3635120987892151
-0.157299, -0.157899
-0.15789881348609924,-0.1572994440793991
1.596938, 1.432192
1.4321916103363037,1.5969380140304565
0.749637, 0.740391
0.7403910756111145,0.7496370077133179
-2.172908, -2.210864
-2.2108638286590576,-2.172908067703247
1.008204, 1.005456
1.0054562091827393,1.0082041025161743
0.127968, 0.120866
0.12086562067270279,0.12796756625175476
-0.067996, -0.030136
-0.03013613075017929,-0.06799641996622086
1.756135, 1.769800
1.769799828529358,1.7561349868774414
0.247046, 0.286287
0.2862870693206787,0.24704593420028687
0.964072, 0.964998
0.9649984836578369,0.9640716910362244
0.596261, 0.478440
0.47843995690345764,0.5962610244750977
-2.207854, -2.201980
-2.201979875564575,-2.2078540325164795
0.413678, 0.413571
0.41357097029685974,0.41367843747138977
0.167519, 0.164255
0.16425460577011108,0.1675190031528473
-1.975074, -1.946642
-1.946642279624939,-1.9750736951828003
1.137583, 1.139491
1.139491081237793,1.1375832557678223
0.400297, 0.402913
0.40291324257850647,0.4002974033355713
0.929351, 0.928313
0.9283134937286377,0.9293507933616638
-0.174417, -0.173457
-0.17345665395259857,-0.17441724240779877
0.554430, 0.546973
0.546972930431366,0.5544304251670837
-0.883284, -0.890097
-0.8900966644287109,-0.8832840919494629
-1.059978, -0.996981
-0.9969808459281921,-1.0599775314331055
0.075735, 0.090710
0.09071006625890732,0.07573463022708893
-1.662637, -1.685667
-1.6856672763824463,-1.66263747215271
0.129723, 0.119633
0.11963333934545517,0.12972335517406464
-0.560802, -0.556492
-0.5564920902252197,-0.5608015060424805
0.507708, 0.460595
0.46059510111808777,0.5077078938484192
-0.260623, -0.259120
-0.25912001729011536,-0.260623037815094
0.270387, 0.279055
0.27905532717704773,0.27038708329200745
-0.023293, -0.033510
-0.03350972384214401,-0.023293035104870796
0.849085, 0.834764
0.834764301776886,0.8490846753120422
-0.074080, -0.058978
-0.0589776337146759,-0.0740802064538002
0.394452, 0.394491
0.3944909870624542,0.3944515883922577
-0.007548, -0.034510
-0.03450951725244522,-0.007547568529844284
-0.336030, -0.328871
-0.3288705050945282,-0.33602964878082275
-2.165747, -2.178050
-2.1780500411987305,-2.1657466888427734
1.262489, 1.268146
1.2681457996368408,1.2624889612197876
0.592312, 0.591572
0.5915723443031311,0.5923117995262146
-0.643650, -0.636060
-0.6360598206520081,-0.6436499357223511
0.358877, 0.359142
0.3591420352458954,0.3588774502277374
1.066823, 1.039287
1.0392872095108032,1.0668227672576904
-0.581718, -0.591895
-0.5918950438499451,-0.5817177295684814
0.140834, 0.132807
0.13280650973320007,0.14083416759967804
0.685704, 0.678693
0.6786928772926331,0.6857035756111145
-0.001058, 0.005429
0.00542932003736496,-0.0010581443784758449
-0.191937, -0.176925
-0.17692536115646362,-0.1919368952512741
0.424694, 0.437154
0.4371538460254669,0.4246938228607178
0.603328, 0.617914
0.6179144382476807,0.6033284664154053
-0.710887, -0.648350
-0.6483503580093384,-0.7108871340751648
-2.542532, -2.483162
-2.483161687850952,-2.542532444000244
0.634257, 0.633859
0.633858859539032,0.6342570185661316
-0.396867, -0.402217
-0.40221741795539856,-0.3968670964241028
-0.148280, -0.597228
-0.5972281694412231,-0.14828038215637207
-2.764673, -2.762141
-2.762140989303589,-2.7646732330322266
0.243884, -0.059726
-0.059726350009441376,0.2438843697309494
1.288939, 1.270646
1.2706457376480103,1.2889388799667358
-1.066149, -1.087006
-1.0870062112808228,-1.0661488771438599
0.431433, 0.438774
0.4387739598751068,0.43143346905708313
-1.828242, -1.816672
-1.8166720867156982,-1.8282417058944702
0.542043, 0.549214
0.549213707447052,0.542043149471283
1.655496, 1.654108
1.654107928276062,1.655495524406433
-0.447254, -0.344570
-0.3445703685283661,-0.44725435972213745
1.452446, 1.479664
1.4796643257141113,1.452446460723877
0.866657, 0.860549
0.8605494499206543,0.8666570782661438
-2.093374, -2.263409
-2.263409376144409,-2.0933737754821777
-2.058491, -1.981692
-1.9816920757293701,-2.0584914684295654
-1.010814, -0.858843
-0.8588429689407349,-1.010813593864441
0.374911, 0.385261
0.3852614760398865,0.3749108612537384
-1.469197, -1.470615
-1.4706149101257324,-1.4691967964172363
1.270194, 1.275172
1.275172472000122,1.270194172859192
-0.634929, -0.628117
-0.62811678647995,-0.6349290013313293
0.052695, 0.049557
0.0495571568608284,0.052695393562316895
-0.056004, -0.130822
-0.1308223009109497,-0.05600384995341301
-0.473780, -0.478947
-0.47894710302352905,-0.47378045320510864
-0.019760, -0.021817
-0.02181711047887802,-0.01976007968187332
-0.625227, -0.624419
-0.6244194507598877,-0.6252267360687256
0.135391, 0.132055
0.13205468654632568,0.13539139926433563
0.594685, 0.581520
0.581520140171051,0.5946851372718811
0.840628, 0.829932
0.8299315571784973,0.8406277894973755
-0.129974, -0.156184
-0.1561843454837799,-0.12997359037399292
-0.861505, -0.607340
-0.6073395013809204,-0.8615051507949829
-0.984544, -0.936524
-0.9365244507789612,-0.9845444560050964
-0.141217, -0.129129
-0.12912875413894653,-0.141217440366745
0.627458, 0.652824
0.6528236865997314,0.6274581551551819
-1.841444, -1.782873
-1.7828729152679443,-1.8414442539215088
-0.342362, -0.464793
-0.4647928774356842,-0.3423618674278259
-0.940426, -0.901979
-0.9019787907600403,-0.9404258728027344
-3.141900, -3.066539
-3.0665390491485596,-3.1419003009796143
-0.013154, -0.017019
-0.017018824815750122,-0.01315385289490223
1.513481, 1.512883
1.5128825902938843,1.5134810209274292
0.028198, 0.039759
0.03975943475961685,0.028198113664984703
0.216794, 0.022508
0.022508010268211365,0.21679389476776123
0.029512, 0.046318
0.04631834477186203,0.029511835426092148
-1.300850, -1.265958
-1.2659580707550049,-1.3008497953414917
-2.419294, -2.411369
-2.4113690853118896,-2.4192943572998047
-0.046616, -0.034035
-0.034034647047519684,-0.046615567058324814
0.465484, 0.466428
0.4664282500743866,0.4654836654663086
-0.052583, -0.055275
-0.055275484919548035,-0.05258334055542946
0.866793, 0.882163
0.8821631073951721,0.8667925596237183
-2.278066, -2.282597
-2.2825968265533447,-2.2780656814575195
-0.720906, -0.665063
-0.6650629043579102,-0.7209057807922363
0.777535, 0.768794
0.7687937617301941,0.7775352597236633
-1.758768, -1.728408
-1.728407859802246,-1.7587676048278809
1.099322, 1.104288
1.1042883396148682,1.0993221998214722
0.352802, 0.354141
0.3541409373283386,0.3528023660182953
-0.062651, -0.116676
-0.11667575687170029,-0.06265145540237427
-0.741976, -0.754943
-0.7549431324005127,-0.7419757843017578
0.130032, 0.129056
0.12905582785606384,0.1300317943096161
-0.123874, -0.116591
-0.11659123003482819,-0.12387396395206451
-0.539298, -0.526706
-0.5267062187194824,-0.5392976999282837
0.942216, 0.942706
0.9427059888839722,0.9422157406806946
-0.396347, -0.394246
-0.3942456841468811,-0.39634743332862854
-1.127517, -1.072953
-1.072953462600708,-1.1275171041488647
-0.662142, -0.662490
-0.6624904274940491,-0.6621416211128235
-1.639130, -1.590300
-1.59030020236969,-1.6391297578811646
0.130800, 0.132206
0.1322060525417328,0.13079951703548431
0.149397, 0.148038
0.148037850856781,0.1493971198797226
-1.112723, -1.139604
-1.139603614807129,-1.112722635269165
-0.592342, -0.580944
-0.580943763256073,-0.5923424959182739
0.186155, 0.191489
0.1914886236190796,0.18615461885929108
-1.235445, -1.164162
-1.1641618013381958,-1.2354446649551392
0.724547, 0.721807
0.7218067049980164,0.7245473265647888
0.830362, 0.825391
0.8253910541534424,0.8303622603416443
0.179242, 0.176557
0.1765574812889099,0.1792423278093338
-0.298438, -0.286937
-0.28693705797195435,-0.2984375059604645
-1.779726, -1.783468
-1.7834675312042236,-1.779726266860962
0.968543, 0.974426
0.9744261503219604,0.9685428142547607
-1.689566, -2.061472
-2.061472177505493,-1.6895660161972046
-0.379886, -0.208801
-0.20880112051963806,-0.37988629937171936
0.151131, 0.076118
0.07611823827028275,0.15113092958927155
1.645833, 1.650639
1.6506388187408447,1.6458332538604736
-0.226210, -0.230904
-0.23090395331382751,-0.22620989382266998
-0.766443, -0.655961
-0.6559605002403259,-0.7664430141448975
-1.097305, -1.064854
-1.0648539066314697,-1.0973050594329834
-0.954487, -0.946558
-0.94655841588974,-0.954486608505249
-0.779671, -0.809007
-0.809007465839386,-0.7796710729598999
-1.527760, -1.509902
-1.509901523590088,-1.5277599096298218
-2.259153, -2.250890
-2.250889778137207,-2.259153366088867
0.790153, 0.786406
0.7864055633544922,0.7901528477668762
1.086107, 1.091253
1.0912526845932007,1.0861074924468994
0.085513, 0.089881
0.08988118916749954,0.08551330864429474
1.708712, 1.703721
1.703721046447754,1.7087115049362183
-1.252496, -1.255902
-1.2559016942977905,-1.2524964809417725
-2.195953, -2.305118
-2.305117607116699,-2.195953369140625
-1.583279, -1.577148
-1.5771483182907104,-1.583278775215149
1.356415, 0.783480
0.7834798097610474,1.3564149141311646
0.112990, 0.016490
0.016489706933498383,0.11299002170562744
-0.685034, -0.692285
-0.6922845840454102,-0.6850337982177734
-0.126603, -0.127158
-0.1271582543849945,-0.126603364944458
0.167241, 0.178021
0.17802149057388306,0.16724105179309845
-0.872971, -0.893903
-0.8939025402069092,-0.8729705214500427
-0.777777, -0.344185
-0.34418487548828125,-0.7777774930000305
-2.535367, -2.530128
-2.53012752532959,-2.5353667736053467
0.487082, 0.490784
0.4907836616039276,0.4870816767215729
-0.874574, -0.874867
-0.8748673796653748,-0.8745738863945007
-2.149018, -2.118119
-2.1181187629699707,-2.1490182876586914
0.273607, 0.293810
0.2938102185726166,0.27360743284225464
0.668106, 0.663873
0.6638730764389038,0.6681058406829834
-0.919459, -0.925962
-0.9259623885154724,-0.9194591641426086
1.445159, 1.442717
1.4427169561386108,1.4451593160629272
1.634034, 1.635227
1.6352266073226929,1.634034276008606
-0.662518, -1.179741
-1.1797410249710083,-0.6625183820724487
0.523471, 0.515902
0.5159019231796265,0.5234705805778503
0.984154, 0.990441
0.990441083908081,0.984154462814331
-1.680569, -1.697327
-1.6973267793655396,-1.6805694103240967
0.532063, 0.534314
0.5343142747879028,0.5320628881454468
0.377312, 0.381460
0.38145962357521057,0.3773116171360016
0.469164, 0.466607
0.46660658717155457,0.4691638946533203
-0.715822, -0.700562
-0.7005620002746582,-0.7158221006393433
0.190331, 0.224281
0.2242811918258667,0.19033057987689972
-0.168398, -0.168233
-0.16823279857635498,-0.16839799284934998
0.345447, 0.355004
0.3550041913986206,0.3454474210739136
0.485120, 0.477366
0.47736552357673645,0.48511990904808044
-0.247032, -0.222015
-0.2220146656036377,-0.24703188240528107
0.141559, 0.181818
0.18181806802749634,0.14155873656272888
0.618039, 0.631953
0.6319534182548523,0.6180391907691956
0.537349, 0.527608
0.5276078581809998,0.5373485684394836
0.646388, 0.572742
0.5727419257164001,0.6463876366615295
-0.739221, -0.736930
-0.7369303703308105,-0.7392210364341736
-1.078207, -1.072428
-1.0724276304244995,-1.0782073736190796
0.052856, 0.054698
0.05469801276922226,0.05285574868321419
-0.988763, -0.974730
-0.9747302532196045,-0.9887633919715881
0.523610, 0.523896
0.5238962769508362,0.5236102342605591
-0.614030, -0.608774
-0.6087738275527954,-0.6140304207801819
1.030841, 1.033594
1.0335935354232788,1.0308407545089722
1.103964, 1.089953
1.0899531841278076,1.1039643287658691
-1.476660, -1.421993
-1.4219934940338135,-1.4766597747802734
-0.790077, -0.789148
-0.7891477942466736,-0.790076732635498
-2.690410, -2.697332
-2.697331666946411,-2.6904098987579346
-1.548256, -1.544544
-1.544543981552124,-1.5482560396194458
0.050521, 0.154179
0.1541791558265686,0.05052109807729721
1.235648, 1.225977
1.2259769439697266,1.2356483936309814
0.918305, 0.914782
0.9147824048995972,0.9183052182197571
1.733235, 1.727044
1.727043867111206,1.7332353591918945
-0.457851, -0.548496
-0.5484961271286011,-0.45785126090049744
0.878851, 0.862468
0.8624681234359741,0.878851056098938
-0.181449, -0.189811
-0.18981130421161652,-0.18144948780536652
-1.016831, -1.015192
-1.0151921510696411,-1.0168312788009644
-1.344472, -1.347192
-1.347191572189331,-1.3444722890853882
0.797159, 0.782818
0.7828179001808167,0.7971594333648682
-0.302777, -0.296391
-0.2963912785053253,-0.3027767837047577
0.563672, 0.565486
0.5654864311218262,0.5636716485023499
0.747265, 0.743639
0.7436390519142151,0.7472648620605469
-1.104637, -1.118366
-1.1183656454086304,-1.1046372652053833
-0.405912, -0.412557
-0.412556916475296,-0.405912309885025
0.770043, 0.769601
0.7696006894111633,0.7700433731079102
0.082722, 0.139004
0.1390036940574646,0.08272234350442886
-0.001008, -0.301410
-0.3014095425605774,-0.0010076622711494565
-0.248414, -0.266442
-0.26644229888916016,-0.24841389060020447
0.457685, 0.390705
0.3907049298286438,0.4576849639415741
0.516069, 0.515258
0.5152580142021179,0.5160691738128662
-1.348647, -1.331654
-1.3316540718078613,-1.3486474752426147
0.579758, 0.582450
0.582450270652771,0.579757809638977
-0.415666, -0.399576
-0.39957574009895325,-0.4156656563282013
-0.921089, -0.901473
-0.9014727473258972,-0.9210886359214783
-0.141167, -0.154138
-0.15413837134838104,-0.14116695523262024
0.468926, 0.470161
0.4701612889766693,0.4689256548881531
0.671062, 0.719968
0.719968318939209,0.6710622906684875
-0.906543, -0.970115
-0.9701148271560669,-0.9065428972244263
1.547469, 1.563640
1.5636402368545532,1.5474687814712524
-1.728428, -1.761845
-1.7618452310562134,-1.7284284830093384
-0.319555, -0.317346
-0.317346453666687,-0.31955504417419434
-0.679908, -0.731189
-0.7311890125274658,-0.6799083352088928
0.626980, 0.618989
0.6189890503883362,0.626979649066925
-2.171613, -2.159039
-2.1590394973754883,-2.1716129779815674
-0.517393, -0.798196
-0.7981958389282227,-0.517392635345459
0.832903, 0.828090
0.8280895948410034,0.8329027891159058
0.469513, 0.473393
0.4733925759792328,0.4695132076740265
0.512489, 0.442210
0.4422104060649872,0.5124893188476562
0.390491, 0.392123
0.3921227753162384,0.3904910087585449
-0.362427, -0.363490
-0.36348956823349,-0.3624272346496582
1.415412, 1.466295
1.4662951231002808,1.4154123067855835
0.623001, 0.760383
0.7603833079338074,0.6230008006095886
-0.703615, -0.657755
-0.6577550172805786,-0.7036145329475403
-0.313343, -0.313970
-0.31396985054016113,-0.31334277987480164
1.170183, 1.174403
1.1744028329849243,1.170182704925537
-0.758968, -0.678005
-0.678005039691925,-0.7589676976203918
0.762005, 0.761776
0.7617760300636292,0.7620049118995667
0.195948, 0.198233
0.19823309779167175,0.19594794511795044
0.451024, 0.454042
0.4540422260761261,0.4510236084461212
-1.155270, -1.186473
-1.1864726543426514,-1.1552702188491821
-0.458061, -0.461459
-0.46145907044410706,-0.45806050300598145
0.220925, 0.254795
0.2547948658466339,0.22092491388320923
0.673981, 0.674421
0.6744208335876465,0.6739811301231384
0.015224, 0.016856
0.016855768859386444,0.0152242137119174
0.811327, 0.810704
0.8107038736343384,0.811326801776886
-0.146914, -0.146066
-0.1460660696029663,-0.1469137966632843
0.886138, 0.893228
0.8932279348373413,0.8861384391784668
0.418049, 0.401597
0.4015970528125763,0.4180488884449005
0.690681, 0.696259
0.6962588429450989,0.6906809210777283
1.624292, 1.631234
1.631233811378479,1.6242921352386475
0.632056, 0.634397
0.6343974471092224,0.6320560574531555
1.348634, 1.346748
1.346747636795044,1.3486336469650269
-0.039195, -0.038370
-0.03837034851312637,-0.03919548913836479
0.690878, 0.688033
0.6880329251289368,0.6908780932426453
1.330613, 1.340268
1.340267539024353,1.330613136291504
1.190312, 1.222601
1.2226008176803589,1.190312385559082
-1.096351, -1.098181
-1.0981806516647339,-1.0963507890701294
-1.429658, -2.029790
-2.029789924621582,-1.4296575784683228
0.089687, 0.074022
0.07402241975069046,0.08968709409236908
0.798812, 0.804966
0.8049655556678772,0.7988119125366211
-0.533141, -0.552382
-0.552382230758667,-0.5331412553787231
-2.478387, -2.453722
-2.453721523284912,-2.478386878967285
1.327450, 1.331038
1.3310381174087524,1.3274497985839844
-0.506559, -0.505969
-0.505969226360321,-0.5065585374832153
1.039663, 1.037779
1.0377789735794067,1.039663314819336
0.034912, 0.040458
0.04045815020799637,0.03491242974996567
0.189014, 0.192911
0.19291085004806519,0.18901409208774567
0.542053, 0.540979
0.5409785509109497,0.5420530438423157
0.060011, 0.062056
0.0620562806725502,0.06001054495573044
0.956822, 0.978408
0.9784084558486938,0.9568221569061279
0.370477, 0.306999
0.3069989085197449,0.37047743797302246
-1.104643, -1.096718
-1.0967180728912354,-1.1046431064605713
0.181465, 0.187437
0.18743687868118286,0.18146473169326782
-1.496177, -1.459818
-1.4598182439804077,-1.4961767196655273
-0.743767, -0.639074
-0.6390739679336548,-0.7437672019004822
-0.322479, -0.484986
-0.4849863648414612,-0.3224790692329407
1.442278, 1.439329
1.4393292665481567,1.4422781467437744
-0.497849, -0.517206
-0.5172057151794434,-0.49784910678863525
-1.456676, -1.446194
-1.4461944103240967,-1.4566763639450073
-1.269008, -1.262573
-1.2625733613967896,-1.269007921218872
0.808627, 0.807892
0.807891845703125,0.8086268305778503
0.979158, 0.980022
0.9800220727920532,0.9791575074195862
1.000093, 1.012959
1.012959361076355,1.000092625617981
0.482454, 0.251823
0.25182315707206726,0.4824535548686981
1.154313, 1.154226
1.1542260646820068,1.154313325881958
-0.646931, -0.619512
-0.6195122599601746,-0.6469306945800781
-0.715736, -0.135851
-0.13585123419761658,-0.7157357931137085
1.392449, 1.404612
1.4046123027801514,1.3924493789672852
0.453756, 0.448348
0.4483480155467987,0.4537564814090729
-0.931250, -0.922585
-0.9225853681564331,-0.9312496185302734
1.023802, 1.017520
1.0175203084945679,1.0238021612167358
-1.498423, -1.541579
-1.5415791273117065,-1.4984233379364014
-0.983604, -0.883091
-0.8830905556678772,-0.9836044907569885
-0.864886, -0.865142
-0.8651418089866638,-0.8648862242698669
0.486295, 0.470969
0.4709685742855072,0.4862951636314392
1.109662, 1.102428
1.1024283170700073,1.1096620559692383
-1.353112, -1.355673
-1.3556734323501587,-1.3531124591827393
0.184010, 0.187682
0.187681645154953,0.1840096265077591
-0.774881, -0.208979
-0.2089793086051941,-0.7748806476593018
0.644721, 0.634632
0.6346319913864136,0.6447206735610962
0.165621, 0.170898
0.17089837789535522,0.1656210720539093
-1.835065, -1.838946
-1.8389455080032349,-1.8350648880004883
-0.686333, -0.675098
-0.6750978231430054,-0.686332643032074
-0.898668, -0.903403
-0.9034026861190796,-0.8986684679985046
0.216937, 0.212922
0.2129220962524414,0.2169366180896759
-2.464086, -2.444937
-2.444937229156494,-2.4640860557556152
0.758882, 0.749936
0.7499359846115112,0.7588818669319153
0.216867, 0.265650
0.2656498849391937,0.21686653792858124
0.210547, 0.238731
0.2387305498123169,0.2105465829372406
0.110992, 0.175652
0.17565152049064636,0.11099172383546829
0.031163, -0.019550
-0.01954982429742813,0.031162897124886513
0.832557, 0.734512
0.734512448310852,0.8325574398040771
1.332422, 1.308578
1.3085777759552002,1.3324224948883057
-0.015131, -0.015760
-0.01575998216867447,-0.01513077225536108
0.093576, 0.004591
0.004591256380081177,0.09357639402151108
1.111580, 1.034421
1.0344208478927612,1.1115798950195312
0.971215, 0.963639
0.9636392593383789,0.9712153077125549
-0.231221, -0.225419
-0.22541919350624084,-0.23122148215770721
-1.362646, -1.466898
-1.466897964477539,-1.3626458644866943
1.097345, 1.105145
1.1051446199417114,1.0973447561264038
-2.430756, -2.332854
-2.3328540325164795,-2.4307563304901123
-2.724804, -2.689211
-2.689211130142212,-2.724804162979126
-1.061382, -1.047879
-1.047878623008728,-1.0613821744918823
0.263505, 0.281665
0.28166523575782776,0.2635052800178528
0.508764, 0.449269
0.44926878809928894,0.5087636709213257
1.267627, 1.226890
1.226889729499817,1.2676271200180054
0.486485, 0.530997
0.5309972763061523,0.4864847958087921
0.486755, 0.450576
0.4505762755870819,0.4867551326751709
-0.258191, 0.477149
0.4771488606929779,-0.25819098949432373
0.672131, 0.671484
0.6714836359024048,0.6721309423446655
-0.246800, -0.251200
-0.25119954347610474,-0.24679966270923615
-2.017848, -2.017985
-2.0179848670959473,-2.017848491668701
-0.897668, -0.912498
-0.9124978184700012,-0.8976681232452393
-0.666220, -0.674897
-0.6748974323272705,-0.6662201881408691
-0.548303, -0.560314
-0.5603139996528625,-0.548303484916687
-1.934505, -1.936563
-1.9365627765655518,-1.9345054626464844
1.647705, 1.645323
1.645322561264038,1.6477051973342896
0.957032, 0.945665
0.9456648826599121,0.9570319056510925
0.246828, 0.245638
0.24563822150230408,0.24682796001434326
0.222067, 0.269413
0.2694127857685089,0.222067192196846
0.190180, 0.115527
0.11552660912275314,0.1901797205209732
0.505240, 0.513532
0.5135323405265808,0.5052399039268494
0.113064, 0.115418
0.11541838198900223,0.11306425929069519
-0.914021, -0.945161
-0.9451605677604675,-0.9140207767486572
-3.653923, -3.639167
-3.639166831970215,-3.6539227962493896
0.202140, 0.214543
0.21454256772994995,0.20213982462882996
0.538267, 0.535955
0.5359551310539246,0.5382670760154724
1.176103, 1.175244
1.1752442121505737,1.176102638244629
-1.309603, -1.301842
-1.301842451095581,-1.309603214263916
-0.892215, -0.857132
-0.8571324348449707,-0.8922150731086731
-1.117716, -1.161878
-1.1618778705596924,-1.1177161931991577
0.781426, 0.803985
0.803984522819519,0.781425952911377
0.518555, 0.523384
0.5233839154243469,0.5185551047325134
0.151679, 0.165972
0.16597193479537964,0.1516789048910141
0.627666, 0.675826
0.6758260130882263,0.6276661157608032
-2.537137, -2.521833
-2.5218331813812256,-2.5371365547180176
1.574672, 1.577126
1.5771260261535645,1.5746724605560303
-1.341109, -1.352671
-1.3526713848114014,-1.341108798980713
-0.843528, -0.846931
-0.8469306826591492,-0.8435277938842773
0.764356, 0.762088
0.7620878219604492,0.7643555998802185
-0.057775, -0.054990
-0.05499013513326645,-0.05777508020401001
0.161108, 0.165404
0.16540399193763733,0.1611083745956421
-1.863763, -1.691810
-1.6918100118637085,-1.8637628555297852
-1.141699, -1.102587
-1.1025866270065308,-1.141698956489563
-0.275819, -0.250269
-0.25026935338974,-0.27581915259361267
0.196206, 0.274223
0.2742232084274292,0.19620630145072937
-0.256374, -0.249132
-0.24913150072097778,-0.2563740313053131
0.431085, 0.439771
0.43977102637290955,0.4310850501060486
-0.081709, -0.012014
-0.012014403939247131,-0.08170854300260544
-0.663263, -0.662877
-0.6628773212432861,-0.6632629036903381
1.287249, 1.295790
1.2957895994186401,1.287248969078064
0.091534, 0.083556
0.08355570584535599,0.09153374284505844
-0.245700, -0.398802
-0.3988017737865448,-0.24569953978061676
0.536795, 0.535757
0.5357574224472046,0.5367945432662964
1.559957, 1.563561
1.5635613203048706,1.5599573850631714
1.064360, 1.137043
1.13704252243042,1.0643603801727295
-1.781890, -1.552336
-1.5523357391357422,-1.7818903923034668
-0.177802, -0.157518
-0.1575184166431427,-0.17780190706253052
0.300783, 0.284590
0.2845895290374756,0.3007826507091522
1.106547, 1.100201
1.1002010107040405,1.1065468788146973
0.961957, 0.945326
0.9453263282775879,0.9619566798210144
-2.511983, -2.517875
-2.5178749561309814,-2.5119831562042236
0.950920, 0.946689
0.9466888904571533,0.9509197473526001
0.727224, 0.714238
0.7142378091812134,0.7272240519523621
-1.349343, -1.341020
-1.341019630432129,-1.349342703819275
0.224944, 0.225483
0.22548305988311768,0.2249438762664795
0.392486, 0.261106
0.2611057758331299,0.3924855589866638
-0.440077, -0.445215
-0.44521477818489075,-0.4400772154331207
0.638099, 0.602920
0.6029198169708252,0.6380990743637085
-0.217539, -0.248493
-0.24849268794059753,-0.21753884851932526
-1.524279, -1.529196
-1.5291959047317505,-1.5242785215377808
-0.214354, -0.232251
-0.2322508990764618,-0.21435391902923584
-0.553062, -0.547217
-0.5472167730331421,-0.5530616641044617
1.285607, 1.285347
1.2853472232818604,1.2856066226959229
0.033309, 0.010470
0.01047041267156601,0.03330868110060692
1.826581, 1.814578
1.8145781755447388,1.8265811204910278
0.052184, 0.034624
0.034624166786670685,0.05218403786420822
-2.065931, -2.209569
-2.209568977355957,-2.0659308433532715
0.840193, 0.836123
0.8361225724220276,0.8401934504508972
-0.394501, -0.394692
-0.39469200372695923,-0.3945007622241974
0.518254, 0.518989
0.5189891457557678,0.5182539820671082
-2.231191, -2.173650
-2.173649787902832,-2.2311909198760986
0.797196, 0.820849
0.8208487629890442,0.7971963882446289
-1.514646, -1.554967
-1.5549665689468384,-1.5146456956863403
1.327384, 1.278799
1.278799295425415,1.3273838758468628
0.173701, 0.211244
0.2112443447113037,0.17370137572288513
-2.476498, -2.468893
-2.468892812728882,-2.4764983654022217
-2.074244, -2.090810
-2.0908095836639404,-2.074244260787964
-1.209974, -1.211500
-1.2115004062652588,-1.2099735736846924
-0.740553, -0.741596
-0.7415959239006042,-0.7405527830123901
-0.031682, 0.014356
0.014355920255184174,-0.031682368367910385
0.082305, 0.071161
0.07116097956895828,0.08230462670326233
0.053890, 0.049553
0.04955325275659561,0.053889740258455276
-1.382748, -1.536952
-1.5369523763656616,-1.3827484846115112
-0.509614, -0.543492
-0.5434924960136414,-0.5096136331558228
-0.596982, -0.601149
-0.6011492609977722,-0.5969815254211426
-0.024120, 0.013307
0.013306893408298492,-0.024120347574353218
0.137556, 0.134821
0.1348210871219635,0.13755600154399872
0.906748, 0.906646
0.9066455364227295,0.906747579574585
-0.048429, -0.128695
-0.1286950260400772,-0.04842856526374817
-1.476654, -1.478326
-1.4783263206481934,-1.476654291152954
0.516599, 0.471082
0.4710816442966461,0.5165989398956299
-1.790678, -1.790352
-1.79035222530365,-1.7906782627105713
0.415888, 0.364842
0.36484235525131226,0.4158884584903717
-0.470972, -0.460989
-0.4609891176223755,-0.47097164392471313
-0.872253, -0.865555
-0.865554928779602,-0.8722532391548157
-1.245678, -1.273355
-1.2733550071716309,-1.2456778287887573
0.744949, 0.742396
0.7423956394195557,0.7449488043785095
-0.101133, -0.105090
-0.10509005188941956,-0.1011330634355545
1.219465, 1.201511
1.201511263847351,1.219464898109436
-0.974119, -0.924657
-0.92465740442276,-0.9741194248199463
0.103634, 0.010773
0.01077338308095932,0.10363420844078064
-0.317562, -0.324428
-0.3244284987449646,-0.31756189465522766
0.031983, 0.129069
0.12906885147094727,0.03198308125138283
-0.248913, -0.243708
-0.24370801448822021,-0.24891316890716553
0.053930, 0.048617
0.04861669987440109,0.053929731249809265
0.068710, 0.035603
0.03560265153646469,0.06870970129966736
0.436279, 0.434196
0.43419554829597473,0.43627896904945374
-0.818502, -0.941000
-0.9410004019737244,-0.8185017108917236
-0.946665, -0.946500
-0.9464997053146362,-0.9466654658317566
-0.454059, -0.490187
-0.49018728733062744,-0.4540591537952423
0.438765, 0.434001
0.43400052189826965,0.43876487016677856
-0.487578, -0.484069
-0.4840693473815918,-0.487577885389328
1.023758, 1.021645
1.021645426750183,1.0237579345703125
0.654518, 0.570908
0.5709077715873718,0.6545183062553406
0.596451, 0.603169
0.6031692624092102,0.5964506268501282
0.335176, 0.326736
0.3267364501953125,0.33517637848854065
0.981603, 0.991966
0.9919661283493042,0.9816027283668518
-0.425564, -0.529472
-0.5294721722602844,-0.4255636930465698
-0.215580, -0.209738
-0.20973792672157288,-0.21558034420013428
-0.532978, -0.522036
-0.5220363140106201,-0.5329775214195251
0.642704, 0.537044
0.5370444655418396,0.6427039504051208
-1.360816, -1.355144
-1.3551442623138428,-1.3608158826828003
0.524180, 0.522734
0.5227342247962952,0.5241795182228088
-0.517131, -0.513597
-0.5135972499847412,-0.5171309113502502
0.128922, 0.124915
0.12491535395383835,0.12892237305641174
-0.910365, -0.870862
-0.8708615303039551,-0.9103646874427795
-1.257887, -1.282748
-1.2827484607696533,-1.2578867673873901
-0.984369, -0.974580
-0.9745803475379944,-0.9843692779541016
1.488113, 1.480342
1.4803417921066284,1.488113284111023
-0.275235, -0.276416
-0.2764163911342621,-0.2752349376678467
0.761025, 0.768891
0.7688910961151123,0.7610252499580383
-0.929964, -0.925320
-0.9253202676773071,-0.929964005947113
-0.112714, -0.124326
-0.1243257224559784,-0.11271445453166962
-0.689750, -0.706643
-0.7066431641578674,-0.6897501945495605
-0.118285, -0.140669
-0.14066877961158752,-0.11828529834747314
1.734041, 1.727846
1.7278462648391724,1.7340410947799683
-2.596189, -2.539088
-2.539088487625122,-2.59618878364563
0.626358, 0.664432
0.664432168006897,0.6263575553894043
0.121274, 0.107992
0.1079917773604393,0.12127383798360825
-0.175297, -0.154790
-0.15478962659835815,-0.17529721558094025
-0.038470, -0.036565
-0.0365651473402977,-0.038470327854156494
-0.452244, -0.463444
-0.46344438195228577,-0.45224419236183167
-0.842467, -0.841000
-0.840999960899353,-0.8424672484397888
-1.567991, -1.538023
-1.5380228757858276,-1.567990779876709
1.002672, 0.997537
0.9975366592407227,1.0026724338531494
-2.266839, -2.237784
-2.237783908843994,-2.266838550567627
-0.551325, -0.569109
-0.5691087245941162,-0.551324725151062
-0.068149, -0.079820
-0.07981975376605988,-0.06814905256032944
1.184021, 1.172816
1.1728157997131348,1.1840214729309082
0.229583, 0.241124
0.24112430214881897,0.22958268225193024
-0.410123, -0.418938
-0.4189378619194031,-0.41012290120124817
-0.799514, -0.790539
-0.7905386686325073,-0.7995135188102722
0.788668, 0.792868
0.7928679585456848,0.788668155670166
1.030654, 1.033644
1.033644199371338,1.0306540727615356
-0.096894, -0.067690
-0.06768950819969177,-0.09689415246248245
0.411424, 0.413268
0.41326823830604553,0.4114239513874054
-0.616591, -0.589684
-0.5896839499473572,-0.6165907382965088
0.743855, 0.736936
0.736936092376709,0.7438551187515259
-0.340534, -0.340055
-0.34005481004714966,-0.34053364396095276
0.080627, -0.779287
-0.7792870402336121,0.0806274339556694
1.553127, 1.557132
1.5571316480636597,1.5531268119812012
0.566296, 0.513232
0.5132323503494263,0.5662961006164551
0.209441, 0.200935
0.20093461871147156,0.2094409316778183
0.802215, 0.797245
0.7972453236579895,0.8022146224975586
-0.896118, -0.919898
-0.9198978543281555,-0.8961182236671448
0.408858, 0.372504
0.37250426411628723,0.4088575839996338
0.262840, 0.263520
0.2635200619697571,0.2628400921821594
1.041739, 1.045791
1.0457910299301147,1.0417386293411255
-1.091894, -1.090862
-1.0908616781234741,-1.0918943881988525
-1.299987, -1.301833
-1.3018330335617065,-1.299986720085144
0.629139, 0.692661
0.692660927772522,0.6291390061378479
1.305442, 1.066052
1.0660518407821655,1.305442452430725
1.263245, 1.262008
1.2620079517364502,1.26324462890625
-0.348346, -0.332947
-0.33294662833213806,-0.34834587574005127
0.799674, 0.797025
0.7970253825187683,0.7996743321418762
0.705429, 0.692749
0.6927489638328552,0.7054291367530823
0.489484, 0.488961
0.4889611303806305,0.4894835352897644
0.656658, 0.655590
0.6555901169776917,0.6566579937934875
0.471420, 0.506170
0.5061703324317932,0.4714200496673584
1.067258, 1.064246
1.0642462968826294,1.067258358001709
-2.076445, -2.073851
-2.0738513469696045,-2.0764448642730713
-0.724179, -0.744886
-0.7448858022689819,-0.7241793870925903
0.757614, 0.768124
0.7681236267089844,0.7576143741607666
1.645304, 1.643949
1.6439493894577026,1.6453039646148682
1.124085, 1.127537
1.1275368928909302,1.1240850687026978
0.697532, 0.686307
0.6863068342208862,0.6975322365760803
-0.741665, -0.648564
-0.6485644578933716,-0.7416645884513855
-0.209585, -0.211563
-0.21156269311904907,-0.20958465337753296
1.332370, 1.346377
1.3463770151138306,1.3323698043823242
0.939662, 0.822036
0.8220364451408386,0.9396618008613586
-0.947891, -0.968479
-0.9684792160987854,-0.9478908777236938
-0.291284, -0.302591
-0.3025907576084137,-0.2912844717502594
-0.937280, -0.955187
-0.9551870226860046,-0.9372801780700684
-0.645841, -0.644973
-0.64497309923172,-0.6458410620689392
-0.844812, -0.857991
-0.857991099357605,-0.8448117971420288
0.821279, 0.822875
0.822874903678894,0.821278989315033
1.224504, 1.222952
1.2229520082473755,1.2245042324066162
0.614796, 0.617043
0.6170430779457092,0.6147958636283875
-2.273134, -2.249964
-2.2499637603759766,-2.273134231567383
-1.021032, -1.035537
-1.0355372428894043,-1.0210323333740234
-1.502144, -1.498920
-1.4989203214645386,-1.5021439790725708
0.966170, 0.953932
0.9539320468902588,0.9661697745323181
-1.813187, -1.832424
-1.8324238061904907,-1.8131873607635498
1.318617, 1.305053
1.3050531148910522,1.3186167478561401
0.159067, 0.164545
0.16454514861106873,0.15906672179698944
-0.070588, -0.075139
-0.07513893395662308,-0.0705876350402832
-1.909702, -1.813179
-1.8131788969039917,-1.9097015857696533
-1.984968, -2.049432
-2.049431562423706,-1.9849681854248047
0.776913, 0.778556
0.7785557508468628,0.776913046836853
-0.671910, -0.806208
-0.8062078952789307,-0.6719102263450623
-1.328951, -1.329734
-1.3297338485717773,-1.3289507627487183
1.458135, 1.462024
1.4620237350463867,1.4581351280212402
-0.476994, -0.480325
-0.48032525181770325,-0.47699445486068726
-0.035246, -0.033675
-0.033675238490104675,-0.03524620458483696
-2.420483, -2.422117
-2.422117233276367,-2.420483350753784
0.329391, 0.330360
0.33035990595817566,0.32939115166664124
-1.480695, -1.459982
-1.4599815607070923,-1.4806947708129883
0.769575, 0.810642
0.8106417059898376,0.7695754766464233
0.456466, 0.465821
0.4658208191394806,0.45646578073501587
0.006489, 0.010118
0.010118208825588226,0.006489424500614405
1.150328, 1.150948
1.1509475708007812,1.1503279209136963
-1.131519, -1.181307
-1.1813071966171265,-1.1315191984176636
-1.445787, -1.408317
-1.4083170890808105,-1.4457873106002808
0.097782, 0.096223
0.09622343629598618,0.09778223931789398
-0.509505, -0.514679
-0.514679491519928,-0.5095047354698181
0.352166, 0.376585
0.37658458948135376,0.35216569900512695
-0.438872, -0.424634
-0.42463353276252747,-0.43887215852737427
-1.069278, -1.089846
-1.0898455381393433,-1.069278359413147
0.623115, 0.638142
0.6381424069404602,0.6231148838996887
-0.442099, -0.441357
-0.4413573443889618,-0.44209885597229004
1.083860, 1.035837
1.035837173461914,1.0838603973388672
0.760325, 0.713497
0.7134971618652344,0.7603254318237305
0.534426, 0.530387
0.5303869247436523,0.5344263911247253
-0.675553, -0.677212
-0.677211582660675,-0.6755526661872864
-1.951426, -2.048948
-2.04894757270813,-1.9514259099960327
-2.202931, -2.237834
-2.2378339767456055,-2.2029314041137695
-0.928483, -0.929247
-0.9292470216751099,-0.9284828305244446
-0.025911, -0.020258
-0.020257890224456787,-0.025910580530762672
0.232755, 0.235131
0.2351313829421997,0.23275475203990936
-0.727184, -0.723370
-0.7233704328536987,-0.7271843552589417
-0.293517, -0.394370
-0.3943701684474945,-0.2935165762901306
-0.597278, -0.594965
-0.594965398311615,-0.5972776412963867
1.166797, 1.170837
1.1708368062973022,1.1667965650558472
-1.038967, -1.056469
-1.0564686059951782,-1.0389667749404907
-0.041789, -0.039036
-0.03903595358133316,-0.041789475828409195
0.160253, 0.159917
0.15991729497909546,0.1602533459663391
0.011887, 0.027748
0.02774789184331894,0.011887049302458763
-0.434498, -0.433989
-0.4339885413646698,-0.4344978332519531
0.458831, 0.466081
0.46608099341392517,0.4588310122489929
0.732203, 0.647265
0.6472650170326233,0.7322026491165161
-1.061247, -1.233553
-1.233553171157837,-1.0612471103668213
0.164684, 0.136263
0.1362631916999817,0.16468389332294464
1.033085, 1.027371
1.0273714065551758,1.0330853462219238
1.181159, 1.188892
1.1888924837112427,1.1811590194702148
1.111739, 1.097934
1.0979340076446533,1.1117393970489502
0.739251, 0.786105
0.7861050963401794,0.7392510771751404
1.344583, 1.290156
1.290156364440918,1.3445826768875122
-0.289474, -0.275687
-0.27568694949150085,-0.2894744575023651
0.531564, 0.533570
0.5335699319839478,0.5315644145011902
-0.703199, -0.729137
-0.7291370034217834,-0.7031986117362976
0.703780, 0.703448
0.7034476399421692,0.7037801742553711
-1.126755, -1.122576
-1.122576355934143,-1.1267551183700562
0.384068, 0.412302
0.4123022258281708,0.38406819105148315
0.666635, 0.649809
0.6498093008995056,0.6666353344917297
-1.149763, -1.152744
-1.1527436971664429,-1.1497631072998047
0.282748, 0.317214
0.317213773727417,0.28274786472320557
-0.291018, -0.284256
-0.2842555642127991,-0.2910178303718567
-0.656276, -0.578888
-0.578887939453125,-0.6562758088111877
0.222060, 0.255105
0.25510531663894653,0.2220604568719864
0.488972, 0.487792
0.48779210448265076,0.4889715909957886
0.382568, 0.383549
0.3835489749908447,0.3825679123401642
-0.102537, -0.101452
-0.10145243257284164,-0.10253725945949554
-0.594872, -0.596142
-0.5961422324180603,-0.5948723554611206
0.726328, 0.732222
0.7322216033935547,0.7263275384902954
-1.685889, -1.750058
-1.7500579357147217,-1.6858885288238525
0.268275, 0.262003
0.262003093957901,0.2682749330997467
-1.373493, -1.370506
-1.3705061674118042,-1.3734934329986572
-0.226465, -0.228676
-0.22867634892463684,-0.2264648675918579
-0.613714, -0.172854
-0.17285367846488953,-0.6137144565582275
1.175823, 1.160535
1.1605348587036133,1.1758228540420532
0.480921, 0.477867
0.4778672754764557,0.48092079162597656
0.724549, 0.728830
0.7288298606872559,0.724548876285553
-0.602162, -0.604213
-0.604213297367096,-0.6021619439125061
-0.600761, -0.703990
-0.7039896845817566,-0.600761353969574
-0.899805, -0.900659
-0.900659441947937,-0.8998050093650818
0.645858, 0.647530
0.647529661655426,0.6458584666252136
0.167218, 0.165817
0.16581693291664124,0.1672177016735077
1.614604, 1.610180
1.610180377960205,1.614603877067566
0.769467, 0.766033
0.7660330533981323,0.7694672346115112
0.628894, 0.631388
0.6313875317573547,0.6288943886756897
-0.831604, -0.825014
-0.8250139355659485,-0.8316038846969604
0.953758, 0.942675
0.9426746368408203,0.953758180141449
-0.879747, -0.867681
-0.8676809668540955,-0.8797469735145569
-0.518274, -0.550927
-0.5509273409843445,-0.5182739496231079
0.825841, 0.865674
0.8656742572784424,0.8258411884307861
1.451520, 1.452026
1.4520260095596313,1.4515197277069092
-0.832885, -0.777704
-0.7777042388916016,-0.8328849673271179
1.107925, 1.071861
1.0718611478805542,1.1079254150390625
0.614984, 0.603978
0.6039783358573914,0.6149837970733643
0.788520, 0.777727
0.777727484703064,0.7885203957557678
-0.642205, -0.761023
-0.7610229849815369,-0.6422045826911926
0.857333, 0.856892
0.8568921685218811,0.8573326468467712
0.829918, 0.818536
0.8185364603996277,0.829918384552002
-0.188183, -0.084054
-0.08405354619026184,-0.18818262219429016
-1.055868, -1.063103
-1.0631027221679688,-1.0558677911758423
0.344635, 0.322045
0.3220449388027191,0.3446349501609802
0.430227, 0.512528
0.5125280618667603,0.43022677302360535
1.165097, 1.168871
1.1688711643218994,1.1650969982147217
-1.481076, -1.483930
-1.4839298725128174,-1.481075644493103
1.125578, 1.071193
1.0711926221847534,1.125577688217163
0.473673, 0.473593
0.47359326481819153,0.47367343306541443
1.286584, 0.732925
0.7329252362251282,1.2865837812423706
1.964030, 1.955500
1.9554997682571411,1.9640296697616577
0.710455, 0.746243
0.7462430596351624,0.7104548811912537
-0.040503, -0.039022
-0.039022475481033325,-0.04050307348370552
0.417320, 0.417411
0.4174111783504486,0.41732028126716614
-0.450618, -0.454215
-0.4542151093482971,-0.45061787962913513
0.164646, 0.163020
0.163019597530365,0.16464607417583466
-0.668299, -0.667232
-0.6672319173812866,-0.6682992577552795
-0.540037, -0.513232
-0.5132320523262024,-0.5400372743606567
-2.260218, -2.273819
-2.2738189697265625,-2.260218381881714
0.532047, 0.537178
0.5371779799461365,0.5320468544960022
-0.838583, -0.717561
-0.7175613641738892,-0.8385834693908691
1.513208, 1.498144
1.4981436729431152,1.513208270072937
-0.085347, -0.026600
-0.026599518954753876,-0.08534721285104752
-1.589887, -1.566324
-1.5663244724273682,-1.5898865461349487
-0.255305, -0.249697
-0.24969670176506042,-0.2553054094314575
-1.639287, -1.674370
-1.6743695735931396,-1.6392873525619507
0.550480, 0.549695
0.5496954917907715,0.5504804849624634
0.232219, 0.218940
0.21893998980522156,0.23221923410892487
-0.935496, -0.937561
-0.9375606775283813,-0.9354958534240723
-0.120729, -0.106442
-0.10644165426492691,-0.12072902917861938
0.511334, 0.479125
0.4791248142719269,0.5113335847854614
0.564889, 0.549925
0.5499251484870911,0.5648888349533081
0.405600, 0.431680
0.4316803514957428,0.4056002199649811
-0.413506, -0.418393
-0.41839271783828735,-0.4135062098503113
-0.561960, -0.516657
-0.5166570544242859,-0.5619596242904663
0.634667, 0.637642
0.6376423239707947,0.6346666812896729
-1.094583, -1.047900
-1.047899603843689,-1.0945833921432495
0.993781, 0.950645
0.9506452083587646,0.9937810897827148
-0.809774, -0.813589
-0.8135893940925598,-0.8097736239433289
-0.291281, -0.290205
-0.29020529985427856,-0.29128092527389526
0.722427, 0.718866
0.7188661098480225,0.7224268317222595
0.330261, 0.346620
0.3466200828552246,0.3302608132362366
-1.325208, -1.326856
-1.3268557786941528,-1.325208306312561
0.026651, 0.026295
0.026295475661754608,0.026650985702872276
-0.529977, -0.534241
-0.5342406034469604,-0.5299765467643738
1.181947, 1.179509
1.1795085668563843,1.1819466352462769
-0.630384, -0.590135
-0.5901352763175964,-0.6303836107254028
0.651376, 0.644015
0.6440154314041138,0.651375949382782
0.093902, 0.008972
0.00897197425365448,0.09390224516391754
0.706337, 0.712594
0.712594211101532,0.7063367366790771
0.419696, 0.422159
0.4221589267253876,0.419696182012558
0.443384, -0.424927
-0.4249265193939209,0.44338399171829224
-2.060655, -2.056152
-2.056152105331421,-2.060654640197754
-0.602301, -0.545096
-0.5450960397720337,-0.6023005247116089
-2.428013, -2.354058
-2.354057550430298,-2.428013324737549
0.650616, 0.627095
0.6270948052406311,0.650616466999054
-0.461600, -0.457714
-0.45771411061286926,-0.4616001844406128
-0.377063, -0.366740
-0.36674001812934875,-0.37706267833709717
1.324184, 1.331609
1.331608772277832,1.3241844177246094
1.119368, 1.132559
1.1325585842132568,1.119368076324463
1.081589, 1.097035
1.0970351696014404,1.0815893411636353
0.993197, 0.976802
0.976801872253418,0.9931973814964294
-0.377183, -0.389300
-0.3893001079559326,-0.37718263268470764
-0.559909, -0.607491
-0.607491135597229,-0.559909462928772
0.142838, 0.172004
0.17200368642807007,0.14283761382102966
-0.214569, -0.212970
-0.212969571352005,-0.2145691066980362
-0.942464, -0.919874
-0.9198737740516663,-0.9424641728401184
-1.015772, -1.164629
-1.1646291017532349,-1.0157718658447266
-2.612403, -2.591334
-2.5913336277008057,-2.612403392791748
-2.378868, -2.373883
-2.373883008956909,-2.3788678646087646
0.447092, 0.400058
0.40005752444267273,0.44709154963493347
0.667609, 0.576029
0.57602858543396,0.6676088571548462
0.237987, 0.231660
0.23166042566299438,0.23798726499080658
1.275253, 1.275047
1.2750474214553833,1.2752530574798584
0.337508, 0.333796
0.33379605412483215,0.33750826120376587
0.701212, 0.716340
0.7163404822349548,0.70121169090271
-0.212195, -0.209470
-0.2094700038433075,-0.21219487488269806
-0.035474, -0.050762
-0.05076214671134949,-0.03547406941652298
0.223866, 0.215603
0.21560311317443848,0.22386573255062103
0.038880, 0.147889
0.1478891670703888,0.03887972980737686
-0.195702, -0.174790
-0.17479035258293152,-0.19570188224315643
0.096851, 0.101055
0.10105545073747635,0.09685119241476059
0.395424, 0.418902
0.41890206933021545,0.39542439579963684
-0.915385, -0.821036
-0.8210356831550598,-0.9153845906257629
-2.384280, -2.362327
-2.3623268604278564,-2.384279727935791
0.458293, 0.494434
0.4944339096546173,0.4582928419113159
0.977113, 0.979087
0.9790873527526855,0.9771131277084351
-1.441938, -1.446533
-1.4465326070785522,-1.4419384002685547
0.748183, 0.750978
0.7509775757789612,0.7481834292411804
-1.668801, -1.668985
-1.66898512840271,-1.6688005924224854
-0.870744, -0.775242
-0.7752417325973511,-0.8707441687583923
-0.070848, -0.081649
-0.08164908736944199,-0.07084836065769196
-0.703828, -0.693812
-0.6938120126724243,-0.7038281559944153
-0.905373, -0.927400
-0.9274001717567444,-0.905372679233551
-1.288716, -1.293783
-1.2937833070755005,-1.2887163162231445
-0.660866, -0.663555
-0.6635547280311584,-0.6608664989471436
0.896667, 0.883352
0.8833515048027039,0.89666748046875
0.376608, 0.358253
0.3582533895969391,0.3766075372695923
0.479547, 0.481133
0.48113319277763367,0.4795474708080292
1.589859, 1.613080
1.6130802631378174,1.589858889579773
0.020861, 0.021908
0.021907590329647064,0.020861182361841202
-0.198397, -0.194384
-0.19438420236110687,-0.19839662313461304
-0.029072, -0.002662
-0.002661891281604767,-0.029071947559714317
-0.711664, -0.716772
-0.7167721390724182,-0.711663544178009
0.806103, 0.756581
0.7565807104110718,0.8061031103134155
0.008991, 0.021366
0.02136574685573578,0.008991356939077377
0.279089, 0.265442
0.26544156670570374,0.2790887951850891
0.138581, 0.135740
0.13574016094207764,0.13858148455619812
0.764132, 0.811925
0.8119245171546936,0.764132022857666
-0.490275, -0.485144
-0.4851436913013458,-0.49027541279792786
-0.672237, -0.765621
-0.7656212449073792,-0.6722370386123657
-1.976920, -2.036052
-2.0360517501831055,-1.9769200086593628
1.073933, 1.062038
1.0620380640029907,1.0739333629608154
-0.078391, -0.064461
-0.06446129828691483,-0.0783911794424057
-0.711040, -0.652362
-0.6523621082305908,-0.7110396027565002
0.249382, 0.210405
0.2104051113128662,0.2493823617696762
0.372136, 0.373563
0.3735625445842743,0.37213602662086487
-3.219191, -2.894227
-2.8942267894744873,-3.219191312789917
-1.056736, -1.059390
-1.0593898296356201,-1.0567359924316406
0.181805, 0.182967
0.18296676874160767,0.18180544674396515
-1.019236, -1.035436
-1.035435676574707,-1.0192363262176514
1.718307, 1.716687
1.7166870832443237,1.718306541442871
-0.355629, -0.353708
-0.35370776057243347,-0.3556293547153473
-0.444352, -0.509145
-0.5091453790664673,-0.44435155391693115
-0.417713, -0.422087
-0.4220874607563019,-0.4177132248878479
0.235056, 0.178973
0.17897284030914307,0.23505613207817078
-0.241863, -0.233663
-0.2336634397506714,-0.24186290800571442
-0.448689, -0.460416
-0.4604156017303467,-0.44868865609169006
-1.478760, -1.494057
-1.4940571784973145,-1.4787602424621582
0.867388, 1.036920
1.036920428276062,0.8673882484436035
-1.711426, -1.687382
-1.6873815059661865,-1.7114256620407104
-0.150394, -0.186986
-0.1869858205318451,-0.15039369463920593
1.531927, 1.532931
1.532930612564087,1.5319266319274902
0.120971, 0.442085
0.44208523631095886,0.12097114324569702
-0.589176, -0.594902
-0.5949016213417053,-0.5891755819320679
-0.173513, -0.173641
-0.1736411154270172,-0.17351330816745758
0.546237, 0.546989
0.5469890832901001,0.5462374091148376
-0.533112, -0.530306
-0.5303062796592712,-0.5331121683120728
-0.594715, -0.521327
-0.5213270783424377,-0.5947149395942688
-0.502600, -0.491001
-0.4910006821155548,-0.5026001930236816
-0.233608, -0.251051
-0.25105082988739014,-0.23360799252986908
-1.271153, -1.261121
-1.2611209154129028,-1.2711529731750488
-0.311197, -0.260786
-0.2607864439487457,-0.3111971914768219
0.158293, 0.156547
0.15654665231704712,0.1582932472229004
-0.780348, -0.783957
-0.7839574813842773,-0.7803479433059692
1.633795, 1.641733
1.6417334079742432,1.633794903755188
0.390741, 0.394301
0.39430105686187744,0.3907405436038971
0.623619, 0.623315
0.6233149170875549,0.6236191391944885
-0.625462, -0.602991
-0.6029906868934631,-0.6254616975784302
0.666484, 0.671939
0.6719390153884888,0.6664843559265137
1.421543, 1.423393
1.4233931303024292,1.4215425252914429
-0.096053, -0.103040
-0.10303991287946701,-0.09605258703231812
-1.730907, -1.745250
-1.7452501058578491,-1.7309074401855469
-1.640878, -1.648404
-1.6484041213989258,-1.6408778429031372
1.101458, 1.099463
1.099462866783142,1.101458191871643
0.202774, 0.205213
0.20521318912506104,0.20277412235736847
0.090515, 0.102630
0.10262951999902725,0.09051519632339478
-1.554649, -1.579542
-1.5795422792434692,-1.5546488761901855
-0.521496, -0.512002
-0.5120015144348145,-0.521495521068573
-0.410771, -0.410769
-0.4107685983181,-0.41077086329460144
-1.039490, -1.060064
-1.0600637197494507,-1.039489984512329
0.331872, 0.334614
0.3346143662929535,0.3318721055984497
1.319662, 1.329541
1.3295409679412842,1.31966233253479
0.547728, 0.339897
0.3398972451686859,0.5477280020713806
-0.131733, 0.022855
0.022855259478092194,-0.1317325383424759
0.168480, 0.163513
0.1635132133960724,0.1684795469045639
1.215700, 1.230495
1.2304950952529907,1.2156997919082642
-2.041734, -2.036639
-2.036639451980591,-2.041734218597412
1.236289, 1.226911
1.2269110679626465,1.236289381980896
0.353823, 0.343585
0.3435848653316498,0.35382309556007385
0.693725, 0.707668
0.7076679468154907,0.6937249898910522
1.256806, 1.253230
1.2532302141189575,1.256805658340454
-1.480787, -1.432109
-1.4321092367172241,-1.480786681175232
1.382128, 1.331649
1.3316494226455688,1.3821276426315308
-0.629853, -0.665184
-0.6651836037635803,-0.6298528909683228
0.290573, 0.305741
0.3057411015033722,0.29057279229164124
0.211100, 0.208394
0.20839408040046692,0.21110010147094727
1.070118, 1.070200
1.0702002048492432,1.0701184272766113
0.563894, 0.562567
0.5625672936439514,0.5638942718505859
0.762228, 0.757976
0.757976233959198,0.7622284293174744
1.094497, 1.060460
1.0604603290557861,1.0944972038269043
0.227413, 0.263174
0.2631743848323822,0.22741274535655975
-0.209413, -0.206168
-0.20616820454597473,-0.20941300690174103
0.282298, 0.277886
0.27788597345352173,0.28229808807373047
0.030983, 0.063121
0.06312134116888046,0.030982745811343193
0.000079, -0.046078
-0.0460783950984478,7.898963667685166e-05
0.694648, 0.658758
0.6587581038475037,0.6946476697921753
-0.185203, -0.494479
-0.49447858333587646,-0.18520279228687286
0.099859, 0.097313
0.09731284528970718,0.09985893964767456
1.652216, 1.616174
1.6161741018295288,1.6522163152694702
1.704846, 1.702359
1.7023588418960571,1.7048457860946655
0.422005, 0.350234
0.350233793258667,0.42200541496276855
0.023360, -0.414332
-0.41433218121528625,0.023359552025794983
-0.384444, -0.390339
-0.390339195728302,-0.38444435596466064
-1.365741, -1.399955
-1.3999546766281128,-1.3657408952713013
0.813141, 0.746183
0.746183454990387,0.8131412267684937
-0.706713, -0.669150
-0.6691503524780273,-0.7067133784294128
1.041265, 1.046257
1.0462571382522583,1.0412651300430298
-0.277687, -0.280052
-0.2800515294075012,-0.2776871919631958
-0.356000, -0.345889
-0.34588858485221863,-0.35599976778030396
-0.495298, -0.496101
-0.4961012005805969,-0.49529847502708435
-0.279667, -0.635741
-0.6357412338256836,-0.27966707944869995
0.422542, 0.366830
0.36682963371276855,0.4225417971611023
0.557225, 0.558233
0.5582326650619507,0.5572249889373779
-1.882321, -1.897143
-1.897142767906189,-1.8823212385177612
0.346815, 0.314552
0.3145522177219391,0.3468147814273834
1.485547, 1.478071
1.4780710935592651,1.485547423362732
1.592584, 1.584718
1.5847175121307373,1.5925841331481934
1.634875, 1.613938
1.6139379739761353,1.6348748207092285
-0.014108, -0.066947
-0.06694724410772324,-0.01410845946520567
-1.891425, -1.889431
-1.889431118965149,-1.8914251327514648
1.465284, 1.464267
1.4642665386199951,1.4652842283248901
-2.011545, -2.021830
-2.0218300819396973,-2.011545181274414
1.756312, 1.746138
1.7461376190185547,1.7563117742538452
0.799050, 0.799536
0.7995362281799316,0.7990498542785645
-2.265635, -2.256891
-2.2568910121917725,-2.265634775161743
1.040351, 1.014977
1.0149765014648438,1.040351390838623
-1.050080, -1.055875
-1.0558745861053467,-1.0500799417495728
-0.401957, -0.465903
-0.46590256690979004,-0.40195709466934204
0.100630, 0.103209
0.10320941358804703,0.10062962770462036
0.498408, 0.499648
0.49964824318885803,0.4984084665775299
0.703129, 0.698412
0.6984121799468994,0.7031285166740417
0.149537, 0.147350
0.14734959602355957,0.14953668415546417
-0.193616, -0.195913
-0.19591253995895386,-0.19361627101898193
0.743211, 0.746469
0.7464694380760193,0.7432114481925964
0.066801, 0.031998
0.03199846297502518,0.0668012797832489
1.358661, 1.348036
1.3480360507965088,1.3586612939834595
-1.295561, -1.265068
-1.2650684118270874,-1.2955609560012817
0.230475, 0.230410
0.2304098904132843,0.23047512769699097
0.355378, 0.331555
0.3315548598766327,0.3553781509399414
0.505062, 0.505370
0.5053703188896179,0.5050618052482605
0.329565, 0.369010
0.36901021003723145,0.32956457138061523
-0.023187, -0.023678
-0.02367810159921646,-0.02318652719259262
0.358677, 0.361953
0.36195290088653564,0.3586767017841339
0.577080, 0.560070
0.5600696802139282,0.5770797729492188
0.402131, 0.399400
0.3994002044200897,0.40213119983673096
1.042043, 1.041934
1.0419343709945679,1.0420433282852173
0.735308, 0.743071
0.7430707216262817,0.7353076934814453
-1.095855, -1.099508
-1.0995079278945923,-1.0958553552627563
0.004021, 0.129953
0.12995290756225586,0.0040209488943219185
-0.636820, -0.585001
-0.5850008130073547,-0.6368200182914734
0.643223, 0.638141
0.6381410360336304,0.643222987651825
-1.782023, -1.789757
-1.789757490158081,-1.7820230722427368
0.467623, 0.462045
0.46204498410224915,0.46762269735336304
1.017407, 1.009498
1.0094982385635376,1.0174068212509155
-0.153410, -0.164842
-0.164842426776886,-0.15340974926948547
-0.260970, -0.248506
-0.24850592017173767,-0.2609702944755554
-1.632682, -1.747080
-1.7470799684524536,-1.6326823234558105
-0.071673, -0.080032
-0.08003203570842743,-0.07167309522628784
-0.868551, -0.869842
-0.8698416948318481,-0.8685508370399475
2.018433, 2.017981
2.0179808139801025,2.018433094024658
0.904939, 0.982829
0.9828287363052368,0.9049391150474548
1.093226, 1.088343
1.0883431434631348,1.0932261943817139
-1.418523, -1.401484
-1.4014835357666016,-1.4185230731964111
1.113847, 1.111287
1.1112873554229736,1.1138468980789185
0.031422, 0.055129
0.05512935668230057,0.03142223507165909
0.369292, 0.356708
0.35670775175094604,0.3692919909954071
-2.122508, -2.119728
-2.1197280883789062,-2.1225082874298096
0.173320, 0.166877
0.16687703132629395,0.1733204871416092
-1.785038, -1.781078
-1.7810778617858887,-1.7850384712219238
-0.150658, -0.113874
-0.11387404054403305,-0.15065798163414001
0.133672, 0.129407
0.12940743565559387,0.13367165625095367
-0.432472, -0.446005
-0.446004718542099,-0.4324724078178406
-1.095265, -1.098707
-1.0987070798873901,-1.0952647924423218
-1.583829, -1.548912
-1.5489118099212646,-1.5838286876678467
1.116217, 1.108496
1.1084955930709839,1.1162172555923462
0.359465, 0.382779
0.3827786147594452,0.35946500301361084
0.609255, 0.605985
0.6059850454330444,0.609255313873291
1.310876, 1.310171
1.3101706504821777,1.3108761310577393
0.710116, 0.712857
0.7128567695617676,0.7101161479949951
-2.474172, -2.464169
-2.4641685485839844,-2.4741718769073486
1.379145, 1.381992
1.3819921016693115,1.3791446685791016
1.031011, 1.047041
1.0470410585403442,1.0310105085372925
-1.302705, -1.334287
-1.3342866897583008,-1.30270516872406
-0.931673, -0.979896
-0.9798963069915771,-0.9316730499267578
0.596822, 0.599845
0.5998446345329285,0.5968217253684998
-2.336894, -2.382635
-2.3826348781585693,-2.3368937969207764
-1.784901, -1.663285
-1.6632845401763916,-1.78490149974823
1.347181, 1.347737
1.3477370738983154,1.3471810817718506
-1.482866, -1.338792
-1.338791847229004,-1.4828656911849976
0.541623, 0.526352
0.5263524651527405,0.5416231155395508
-0.387405, -0.386497
-0.38649749755859375,-0.3874053657054901
-1.928765, -1.924859
-1.9248592853546143,-1.928764820098877
0.254288, 0.334116
0.33411556482315063,0.25428763031959534
0.603005, 0.663274
0.6632740497589111,0.6030054092407227
-0.924404, -0.923275
-0.9232746362686157,-0.9244044423103333
-0.802034, -0.800639
-0.8006387948989868,-0.8020338416099548
-0.928005, -0.917681
-0.9176812767982483,-0.9280049204826355
0.759418, 0.756273
0.7562730312347412,0.7594183683395386
-0.758481, -0.746819
-0.7468186020851135,-0.7584810853004456
-1.787273, -1.715093
-1.7150932550430298,-1.7872728109359741
0.140605, 0.134076
0.13407617807388306,0.14060531556606293
0.998782, 1.000208
1.0002079010009766,0.9987819790840149
-1.985829, -2.023730
-2.0237300395965576,-1.9858293533325195
0.278549, 0.283670
0.28367045521736145,0.2785491347312927
1.632672, 1.634588
1.6345878839492798,1.6326720714569092
-1.994133, -1.940182
-1.940181851387024,-1.9941333532333374
-0.040377, -0.045039
-0.04503938928246498,-0.040376968681812286
0.162322, 0.163634
0.16363424062728882,0.16232231259346008
0.929498, 0.884523
0.8845234513282776,0.9294978976249695
-0.838572, -0.841558
-0.8415577411651611,-0.8385717868804932
1.133213, 1.094700
1.0947002172470093,1.1332128047943115
-0.709647, -0.688216
-0.6882159113883972,-0.7096472382545471
1.036514, 1.055547
1.0555471181869507,1.0365138053894043
-0.191515, -0.362128
-0.36212843656539917,-0.1915152221918106
-0.012937, -0.185685
-0.1856851577758789,-0.012937473133206367
0.828226, 0.835318
0.8353177309036255,0.8282261490821838
0.403142, 0.404278
0.40427812933921814,0.4031423330307007
-0.505203, -0.675814
-0.6758139133453369,-0.5052030682563782
-0.390122, -0.388187
-0.3881867527961731,-0.3901216983795166
-1.200265, -1.223435
-1.2234346866607666,-1.200264811515808
0.324206, 0.319981
0.3199814558029175,0.3242057263851166
0.651309, 0.647865
0.6478649377822876,0.651308536529541
1.499595, 1.501688
1.5016883611679077,1.4995946884155273
0.227092, 0.227062
0.22706234455108643,0.22709184885025024
0.937591, 0.923235
0.9232354164123535,0.9375912547111511
-2.261142, -2.247136
-2.247135877609253,-2.261141777038574
-1.772125, -1.675457
-1.67545747756958,-1.7721246480941772
-0.570391, -0.593317
-0.593316912651062,-0.570390522480011
0.123452, 0.120164
0.12016350775957108,0.12345249205827713
-1.106218, -1.086361
-1.086361289024353,-1.1062179803848267
0.211435, 0.210185
0.2101845145225525,0.2114352583885193
